Link,Keyword
https://id.jobstreet.com/id/job/85559236?ref=search-standalone&type=standard&origin=showNewTab#sol=8bcbf7999b55c7f818d3451c2fc05c8d4575f1f8,Animator
https://id.jobstreet.com/id/job/85258905?ref=search-standalone&type=standard&origin=showNewTab#sol=f7ac108c51047071438da6ca7d63f70cb16ae30a,Animator
https://id.jobstreet.com/id/job/85423886?ref=search-standalone&type=standard&origin=showNewTab#sol=a1a7d3ae092b4dbde2e1049b13516e599fa552a7,Animator
https://id.jobstreet.com/id/job/85673464?ref=search-standalone&type=standard&origin=showNewTab#sol=a1eddc90c6b237ed9ee751648d3116a5e9cde741,Animator
https://id.jobstreet.com/id/job/85417685?ref=search-standalone&type=standard&origin=showNewTab#sol=3a61971daa25afd5b716c773afcd87dc3de6aa59,Animator
https://id.jobstreet.com/id/job/85634778?ref=search-standalone&type=standard&origin=showNewTab#sol=278468bcb7b194abf1bd1c971d91979c8ff9bae3,Animator
https://id.jobstreet.com/id/job/85545379?ref=search-standalone&type=standard&origin=showNewTab#sol=fc6a8c88a0fa3205780a0d829185353d4ac69383,Animator
https://id.jobstreet.com/id/job/84966938?ref=search-standalone&type=standard&origin=showNewTab#sol=4045dfd8a71aa77c2eb8a7eefb14620b115c39c6,Animator
https://id.jobstreet.com/id/job/85076883?ref=search-standalone&type=standard&origin=showNewTab#sol=63e256d95d608a276f1cf46374766d78a83f09f1,Animator
https://id.jobstreet.com/id/job/85437187?ref=search-standalone&type=standard&origin=showNewTab#sol=6ef52f2bb1f51f1297f2d8bfe1aa5e596ceff15b,Animator
https://id.jobstreet.com/id/job/85665500?ref=search-standalone&type=standard&origin=showNewTab#sol=351713b09a43342ca55300fa2a1dd7db8053874e,Animator
https://id.jobstreet.com/id/job/85266341?ref=search-standalone&type=standard&origin=showNewTab#sol=5ca537e36d78ef941ed4df71185b7f0e2b4e649b,Animator
https://id.jobstreet.com/id/job/85165667?ref=search-standalone&type=standard&origin=showNewTab#sol=4a29a92158f41047b35d2b7f0740b80e17c92c7b,Animator
https://id.jobstreet.com/id/job/85569458?ref=search-standalone&type=standard&origin=showNewTab#sol=ba5b9d11309394220232b0806f38da547a3dd3fa,Animator
https://id.jobstreet.com/id/job/85375797?ref=search-standalone&type=standard&origin=showNewTab#sol=d0ffe29d801a0969d61c5ba833cd1d706b3c5af6,Animator
https://id.jobstreet.com/id/job/85657574?ref=search-standalone&type=standard&origin=showNewTab#sol=c3a2fabcf85ee0fe42a0e98f423517222e1de049,Animator
https://id.jobstreet.com/id/job/85457456?ref=search-standalone&type=standard&origin=showNewTab#sol=deea7ff3f67d9f301b447be80497fd89fbf282c9,Animator
https://id.jobstreet.com/id/job/85014463?ref=search-standalone&type=standard&origin=showNewTab#sol=3c56b2356982fdd42ef84da4d40fc6702250b20d,Animator
https://id.jobstreet.com/id/job/85095879?ref=search-standalone&type=standard&origin=showNewTab#sol=e90d9acf798d9f26b7df5a0eca3d076f250caa1f,Animator
https://id.jobstreet.com/id/job/85255388?ref=search-standalone&type=standard&origin=showNewTab#sol=69317f20f90ef624b1bac20cf334335d59f99a80,Animator
https://id.jobstreet.com/id/job/85463802?ref=search-standalone&type=standard&origin=showNewTab#sol=fe93ec8d478c6d165b5ef6426bb6fdf68204501b,Animator
https://id.jobstreet.com/id/job/84878979?ref=search-standalone&type=standard&origin=showNewTab#sol=93d6380b3c783f5eb856c05150c333a2d3a10361,Animator
https://id.jobstreet.com/id/job/85013551?ref=search-standalone&type=standard&origin=showNewTab#sol=490d4fe8e74fcef02e770368e0a362d1c03b4636,Animator
https://id.jobstreet.com/id/job/85307878?ref=search-standalone&type=standard&origin=showNewTab#sol=0cebeb61b1f3e03e15735e67821ce62641992791,Animator
https://id.jobstreet.com/id/job/85546410?ref=search-standalone&type=standard&origin=showNewTab#sol=fd70f6ab09809cf8ea8bbf5269cf4d329a50b8b6,Animator
https://id.jobstreet.com/id/job/85030587?ref=search-standalone&type=standard&origin=showNewTab#sol=30df5de971f0af22b3d9c09a01e1283403d15d3d,Animator
https://id.jobstreet.com/id/job/85435029?ref=search-standalone&type=standard&origin=showNewTab#sol=51ae208fc4377a17d2dc494f23037df45e7eb226,Animator
https://id.jobstreet.com/id/job/85547673?ref=search-standalone&type=standard&origin=showNewTab#sol=ca9a7316c3292717974ea71655e815f6f8698642,Animator
https://id.jobstreet.com/id/job/85023753?ref=search-standalone&type=standard&origin=showNewTab#sol=56488beffe68a429ee01aa474ba3c9e71780321b,Animator
https://id.jobstreet.com/id/job/85451661?ref=search-standalone&type=standard&origin=showNewTab#sol=acc39851fa807be3e8f8042078437bd337997514,Animator
https://id.jobstreet.com/id/job/84950343?ref=search-standalone&type=standard&origin=showNewTab#sol=b06f69253976974be041ccd88b258d4420b4b12c,Animator
https://id.jobstreet.com/id/job/84950343?ref=search-standalone&type=standard&origin=showNewTab#sol=af84f66502cb9c389187ab746204c37dbbfc1644,Animator
https://id.jobstreet.com/id/job/85025473?ref=search-standalone&type=standard&origin=showNewTab#sol=ad438cc0086c6b7a985434c66bcbab00db744a0a,Animator
https://id.jobstreet.com/id/job/85132238?ref=search-standalone&type=standard&origin=showNewTab#sol=2dcb921a4adc561d1df884d07cfb101eea83ad9d,Animator
https://id.jobstreet.com/id/job/85550249?ref=search-standalone&type=standard&origin=showNewTab#sol=dbbbe082e34b8ee2d38b57189c9aec88830f9d7f,Animator
https://id.jobstreet.com/id/job/85422070?ref=search-standalone&type=standard&origin=showNewTab#sol=472c05772a186bda50d88ac6a8417eb3c011dbc2,Animator
https://id.jobstreet.com/id/job/85308278?ref=search-standalone&type=standard&origin=showNewTab#sol=ad607e3f8463761e36588ca63e606239b62285dc,Animator
https://id.jobstreet.com/id/job/85165830?ref=search-standalone&type=standard&origin=showNewTab#sol=9cafeeed7b6b514c0b14b37959187269d3cac9e7,Animator
https://id.jobstreet.com/id/job/85570113?ref=search-standalone&type=standard&origin=showNewTab#sol=dce11b1bc69b01da66b2cd6e4e4fea1be7dfdae8,Animator
https://id.jobstreet.com/id/job/85678492?ref=search-standalone&type=standard&origin=showNewTab#sol=bd4e94b44bb978af4449b861ea795a13b9d0ec77,Animator
https://id.jobstreet.com/id/job/85643988?ref=search-standalone&type=standard&origin=showNewTab#sol=6eec531b9b54b5a5e45caa2b73b7468da8217347,Animator
https://id.jobstreet.com/id/job/85510158?ref=search-standalone&type=standard&origin=showNewTab#sol=f179ec255fed4b97ad183e63d20adc846a2c4080,Animator
https://id.jobstreet.com/id/job/85667698?ref=search-standalone&type=standard&origin=showNewTab#sol=ae1d0f41412e3eb47fe3fb32e66f1a3e847e49d3,Animator
https://id.jobstreet.com/id/job/85628408?ref=search-standalone&type=standard&origin=showNewTab#sol=a6c6c81262dd64dca1cfe03b92d3239461e573dd,Animator
https://id.jobstreet.com/id/job/85484390?ref=search-standalone&type=standard&origin=showNewTab#sol=ffc904ac57b885490d9b70e4747ea9c535f7b02f,Animator
https://id.jobstreet.com/id/job/85689426?ref=search-standalone&type=standard&origin=showNewTab#sol=0504de111ce956238f0a1eb302189120278f5515,Animator
https://id.jobstreet.com/id/job/85597723?ref=search-standalone&type=standard&origin=showNewTab#sol=a403bd42ab14b35a41ec836454fc2d1407cc3850,Animator
https://id.jobstreet.com/id/job/85168883?ref=search-standalone&type=standard&origin=showNewTab#sol=8484113723223f50283f8d1b8422753b3807f782,Animator
https://id.jobstreet.com/id/job/85610460?ref=search-standalone&type=standard&origin=showNewTab#sol=55c4abde26f01494a6464a4c644cb8ec5c9b679c,Animator
https://id.jobstreet.com/id/job/84608827?ref=search-standalone&type=standard&origin=showNewTab#sol=c2d5dc7baa01f93580ce9e0ab4e7ce20bd910664,Animator
https://id.jobstreet.com/id/job/85456535?ref=search-standalone&type=standard&origin=showNewTab#sol=d1267230b459cd2d95cfa875fd3706de7a87e90f,Animator
https://id.jobstreet.com/id/job/85691375?ref=search-standalone&type=standard&origin=showNewTab#sol=a2c5a45d50739dab0c18c43e30449196f42639d2,Animator
https://id.jobstreet.com/id/job/85694692?ref=search-standalone&type=standard&origin=showNewTab#sol=9a5a27921184b8e3015e5ac2869b6e33eb023c32,Animator
https://id.jobstreet.com/id/job/84928052?ref=search-standalone&type=standard&origin=showNewTab#sol=fd5bbf8b7cee84c56f54b7a3afd7b9280df51dd0,Animator
https://id.jobstreet.com/id/job/85240751?ref=search-standalone&type=standard&origin=showNewTab#sol=3a895700a3a920fbc2e3125f0576559bc5756f7a,Animator
https://id.jobstreet.com/id/job/80085226?ref=search-standalone&type=standard&origin=showNewTab#sol=e3ba069a2127513141cfe77b2f83de12c4bed419,Animator
https://id.jobstreet.com/id/job/82553664?ref=search-standalone&type=standard&origin=showNewTab#sol=9b6ff9436e9f176990f93c9a0ad5d6df28bbbc40,Animator
https://id.jobstreet.com/id/job/85372441?ref=search-standalone&type=standard&origin=showNewTab#sol=e4c1c4967ae154dcc8364f0b61c46e75b26b5df0,Animator
https://id.jobstreet.com/id/job/85510134?ref=search-standalone&type=standard&origin=showNewTab#sol=31b10752a07592bb9b1e15a8d1d811921fbfd83c,Animator
https://id.jobstreet.com/id/job/85468955?ref=search-standalone&type=standard&origin=showNewTab#sol=82072bb6a0bfdec4bb57f390d5d9a26b1df5178c,Animator
https://id.jobstreet.com/id/job/85671312?ref=search-standalone&type=standard&origin=showNewTab#sol=860a10dc90c362dbeca7cb21fe544b4b32971c70,Animator
https://id.jobstreet.com/id/job/85076206?ref=search-standalone&type=standard&origin=showNewTab#sol=69e5277787c3ad93e0c53af436349859c1f5e295,Animator
https://id.jobstreet.com/id/job/85545024?ref=search-standalone&type=standard&origin=showNewTab#sol=552591769013ab6af8388a0936768af86588f06b,Animator
https://id.jobstreet.com/id/job/85194446?ref=search-standalone&type=standard&origin=showNewTab#sol=bd2b1497946316bd316952de4d13992135709860,Animator
https://id.jobstreet.com/id/job/84970854?ref=search-standalone&type=standard&origin=showNewTab#sol=f60acefaf65f1fef91f1f05f1d99cfc5127d5691,Animator
https://id.jobstreet.com/id/job/78069226?ref=search-standalone&type=standard&origin=showNewTab#sol=9d4aa24da7b83d6100f028bb310b0ad660e07f12,Animator
https://id.jobstreet.com/id/job/85052562?ref=search-standalone&type=standard&origin=showNewTab#sol=cc6428590d1093d836889efb0999d9a10c2549b3,Animator
https://id.jobstreet.com/id/job/77968862?ref=search-standalone&type=standard&origin=showNewTab#sol=53f9028cb28b8440e87952d20e981927a5090c27,Animator
https://id.jobstreet.com/id/job/80272763?ref=search-standalone&type=standard&origin=showNewTab#sol=802cb8b58e8f36507f6f3fa842d628774e423d6c,Animator
https://id.jobstreet.com/id/job/85266331?ref=search-standalone&type=standard&origin=showNewTab#sol=b5b6c957e5addd42b4c7c41e6430b0766c3a8f1b,Animator
https://id.jobstreet.com/id/job/85174482?ref=search-standalone&type=standard&origin=showNewTab#sol=0c481581b6b2ace8349fe4d09b0f11e105738fc5,Animator
https://id.jobstreet.com/id/job/85076944?ref=search-standalone&type=standard&origin=showNewTab#sol=66ef63d119ab10fef302a789c030c5dc0c9a5644,Animator
https://id.jobstreet.com/id/job/84849050?ref=search-standalone&type=standard&origin=showNewTab#sol=dbf915391c0f2f2f1291ca65cdaf03b8585e64f7,Animator
https://id.jobstreet.com/id/job/84659350?ref=search-standalone&type=standard&origin=showNewTab#sol=526e57b8fffa2f8c146078f76ae165e2fed4418e,Animator
https://id.jobstreet.com/id/job/85063443?ref=search-standalone&type=standard&origin=showNewTab#sol=93642b287fdd4a4e2f60cd1fa7ed98976fff73a9,Animator
https://id.jobstreet.com/id/job/85690162?ref=search-standalone&type=standard&origin=showNewTab#sol=bdd26263755534d75a33dabfb2d89d4bdbce1894,Animator
https://id.jobstreet.com/id/job/84972122?ref=search-standalone&type=standard&origin=showNewTab#sol=d67d6bb0e06bf5e3e8bb5d556b702578d2b682ad,Animator
https://id.jobstreet.com/id/job/85168891?ref=search-standalone&type=standard&origin=showNewTab#sol=1a613ea921413b065b8384fa1e88df164091d14d,Animator
https://id.jobstreet.com/id/job/85065912?ref=search-standalone&type=standard&origin=showNewTab#sol=7082df75e4dad8c0438f29d3cabdd2b8ef4daaac,Animator
https://id.jobstreet.com/id/job/84362566?ref=search-standalone&type=standard&origin=showNewTab#sol=eb9209e7c3ffb117891de910105a202b7f373802,Animator
https://id.jobstreet.com/id/job/85316751?ref=search-standalone&type=standard&origin=showNewTab#sol=8bc7d9f5a0afb7135007c162ae73639dd551a35c,Animator
https://id.jobstreet.com/id/job/84956115?ref=search-standalone&type=standard&origin=showNewTab#sol=0f0d2fbcbc1917790428db08e2421c118af82082,Animator
https://id.jobstreet.com/id/job/85198916?ref=search-standalone&type=standard&origin=showNewTab#sol=0767f65cc169bd8859a2cf6da6ceb8413a3377d0,Animator
https://id.jobstreet.com/id/job/83894355?ref=search-standalone&type=standard&origin=showNewTab#sol=d54238a32a44e56f8749c95251bf10410b14ab18,Animator
https://id.jobstreet.com/id/job/85511134?ref=search-standalone&type=standard&origin=showNewTab#sol=4539999fcc7c16301a321f1cb85de3a40548345b,Animator
https://id.jobstreet.com/id/job/84515003?ref=search-standalone&type=standard&origin=showNewTab#sol=5a6d58f746eb4bfc766638646ba3f9e066fd6f4b,Animator
https://id.jobstreet.com/id/job/85605466?ref=search-standalone&type=standard&origin=showNewTab#sol=5c587dc28441472624389666cd9808765ba290c6,Animator
https://id.jobstreet.com/id/job/81206315?ref=search-standalone&type=standard&origin=showNewTab#sol=d9b3269b9bfa98e369ea8efdf9a79f38d8427e03,Animator
https://id.jobstreet.com/id/job/84939883?ref=search-standalone&type=standard&origin=showNewTab#sol=866f019ffd01a7720eb854aad2caa710a0d5b2be,Animator
https://id.jobstreet.com/id/job/85063400?ref=search-standalone&type=standard&origin=showNewTab#sol=b1b56127bdf2d95355ed025ca493f55b6a4e1c4b,Animator
https://id.jobstreet.com/id/job/84249168?ref=search-standalone&type=standard&origin=showNewTab#sol=7df4348519f6eaed078958f568a93e6c1d6ca421,Animator
https://id.jobstreet.com/id/job/84939375?ref=search-standalone&type=standard&origin=showNewTab#sol=1826e2fe369f42de9ebdd3cbdafe881db71fff58,Animator
https://id.jobstreet.com/id/job/85181305?ref=search-standalone&type=standard&origin=showNewTab#sol=d9263925ff7fc5b5b725cf47118621b5aad36026,Animator
https://id.jobstreet.com/id/job/85168889?ref=search-standalone&type=standard&origin=showNewTab#sol=c925a239fd3b2b2a2d49c0695bf322b694aad23e,Animator
https://id.jobstreet.com/id/job/85629147?ref=search-standalone&type=standard&origin=showNewTab#sol=f1b8dfb90923377aa248fa166d0aa9a760fcd313,Animator
https://id.jobstreet.com/id/job/85672972?ref=search-standalone&type=standard&origin=showNewTab#sol=f24445d319a7f5fa070405c53ee890921de81c3f,Animator
https://id.jobstreet.com/id/job/85566078?ref=search-standalone&type=standard&origin=showNewTab#sol=a7163756692b4ef7a4de73f6285b7a34874eb26b,Animator
https://id.jobstreet.com/id/job/85592538?ref=search-standalone&type=standard&origin=showNewTab#sol=72d4da554fe15ead3d2836710a1b60f3f17e79fa,Animator
https://id.jobstreet.com/id/job/82211497?ref=search-standalone&type=standard&origin=showNewTab#sol=3dc161fe7b63bd6ee3b2c41dc680d1e959368d08,Animator
